"정읍사(井邑詞)는 삼국 시대의 고대가요로, 현존하는 유일한 백제 문학이다.[1] 망부가(望夫歌)의 한 유형으로 남편의 무사 귀환을 기원하는 내용을 담고 있다.

백제 멸망 이후에 전라북도 일대를 중심으로 약 천 년 동안 계속 불려져 조선 성종 대에 이르러서 악학궤범(1493년)에 기록되었으며, 따라서 한글로 표기된 노래 중 가장 오래된 노래다. 원래 멜로디는 수제천에서 확인할 수 있으나 원형에서 이런저런 화성이 첨가되고 구조도 변형되어 있음은 감안해야 한다. 가사와 가락이 서로 분리되어 전해지다 보니 박자 배분 등은 유사한 형식의 다른 고려가요들과 비교해가면서 유추할 수밖에 없는데, 이로 인해 온전한 복원에 어려움을 겪고 있다. 가사가 없는 선율 부분은 이미 복원되어 음원도 공개되어 있다. 후렴구인 '어긔야 어강됴리 아으 다롱디리' 부분은 동동의 영향을 받아 첨가된 것이라고 한다.

1980년대 전성기를 누렸던 코미디언 조정현이 밀었던 유행어 중에 이 정읍사의 후렴구인 ""어긔야 어강됴리 아으 다롱디리""가 있다. 나름 곡조를 맞춰 흥얼거렸기에 나중에는 방청객의 장단 맞춘 박수로 호응을 받기도 했다.

드라마 제왕의 딸 수백향에서 이 노래를 현대적으로 편곡하여 OST로 사용했다. 싱어송라이터 이상은이 부른 버전 #과 극중 여주인공인 서현진이 부른 버전#이 있다.

크로스오버 그룹 포레스텔라가 현대적으로 재해석하여 <달하 노피곰 도다샤>라는 곡을 불렀다."
"원문
ᄃᆞᆯ[2]하[3] 노피곰 도ᄃᆞ샤
어긔야[4] 머리곰 비취오시라
어긔야 어강됴리
아으 다롱디리

(全)[5] 져재[6] 녀러신고요
어긔야 즌 ᄃᆡ[7][8]ᄅᆞᆯ 드ᄃᆡ욜셰라
어긔야 어강됴리

어느ᅌᅵ다[9] 노코시라
어긔야 내 가논 ᄃᆡ[10] 졈그ᄅᆞᆯ셰라
어긔야 어강됴리
아으 다롱디리
현대어 번역
달님이여, 높이금 돋으사
아아, 멀리금 비치시라
어긔야 어강됴리
아으 다롱디리

저자에 가 계신가요.
아아, 진 곳을 디딜세라 (두려워라)
어긔야 어강됴리

어느 것이나 다 놓으시라.
아아, 내 가는 곳 저물세라 (두려워라)
어긔야 어강됴리
아으 다롱디리"
"정읍사의 배경 설화
정읍에 한 장사하는 사람이 떠난 뒤 오래도록 돌아오지 않자 그의 아내가 산 위 바위에 올라가 남편이 무사하기를 기원하며 달(빛)에 노래를 불렀다. 하지만 남편은 돌아오지 못하고, 하염없이 기다리는 그의 아내는 망부석(望夫石)이 되었다고 한다."
"정읍사에 대한 기타 주석 모음
[1] 2000년에 숙세가(宿世歌)가 발견되어, 서울시립대 국문과 김영욱 교수 등이 이를 ""가장 오래된 백제 문학""이라 판단한 바 있으나, 아직까지 교과서 등지에서는 정읍사를 유일한 백제 문학으로 가르친다. 백제의 무왕이 썼다고 알려진 서동요도 백제 문학이라는 설도 있으나 신라 향가의 형태를 하고 있어 향가로 분류한다. 게다가 학계 최신 연구에 따르면, 서동요는 고려시대에 기록되었다는게 정설이다.
[2] 밝음, 기원의 대상. '즌 ᄃᆡ'와 대조된다. 신라어에서의 어형은 'ᄃᆞ랄'으로 차이가 있는데, 이를 볼 때 백제에서 사용된 당대의 발음은 아닐 가능성이 있다. 혹은 한자 '達'로 음차된 백제 내 지명들을 고려해 보면, 이미 백제어에서는 해당 단어가 1음절로 축약되어 있었을 가능성도 있다.
[3] 호격 조사. 높임의 의미를 가져 '~님'으로 해석된다.
[4] 초록색으로 표기된 부분은 노랫가락을 맞추기 위한 여음구(조흥구)이다. 반복법이 사용되었다. '어기야'류의 여음구는 오늘날까지 내려오는 여러 전라도계 민요에서도 자주 등장한다.
[5] 기록에 띄어쓰기가 없어 마디를 구분하는 용도로 쓰인 後腔全이라는 표현이 원문에 있다. 여기서 (後腔全) 져재인지 (後腔) 全져재인지 해석이 갈리기도 한다. 일반적으로는 後腔全 자체를 한단어로 보아 생략한다. 全져재로 해석하는 학설에서는 全을 정읍에서 가장 가까운 대도시인 전주의 줄임말로 보기도 한다.
[6] '저자에'를 뜻한다. 저자는 시장을 일컫는 순우리말이다.
[7] 어두움, 위험한 곳. 'ᄃᆞᆯ'과 대조된다. 남편에게 일어날 수 있는 부정적인 상황을 비유하였다.
[8] 이 구절은 남편이 기생집이나 다른 여자를 만나고 있는 게 아닐까 염려하는 것이라는 해석도 있다. (이 해석에 따르면 다음 구절인 '어느ᅌᅵ다 노코시라'는 자신 외에 다른 여자는 안 된다는 의미로 부연해석된다.)
[9] '곳(장소), 신세지는 사람, 여자'로 해석할 수 있다.
[10] '아내의 마중길, 남편의 귀갓길, 부부의 인생길'로 중의적 의미로 해석된다."
"이 노래의 가사는 『악학궤범』 권5 시용향악정재조(時用鄕樂呈才條)에 「동동」·「처용가」·「정과정」 등 고려가요와 함께 실려 전하고, 『고려사』 악지 2 삼국속악조에도 「정읍사」에 관한 기록이 있다.

백제시대부터 구전해 온 민간전승의 가요로 알려져 있다. 그러나 가사 본문 중 ‘全져재’의 ‘全(전)’자를 전주(全州)의 지명으로 보고, 백제시대의 완산주(完山州)를 신라 경덕왕 15년에 전주로 개명한 사실을 근거로 하여(동국여지승람 권32 전주부), 경덕왕 때 이후 내지는 고려시대 옛 백제지방의 민요로 보기도 한다.

또 한편에서는 『고려사』 권71 악지(樂志) 2 삼국속악조(三國俗樂條)의 「정읍사」는 『고려사』 편찬자들의 잘못으로 돌리고, 같은 책의 고려속악조에 무고정재(舞鼓呈才) 때 「정읍사」를 가창하였다는 기록을 근거로 「무고」와 동일시하고, 「무고」를 만든 사람인 이곤(李混)의 생존 연대와 관련하여 「정읍사」를 고려 충렬왕 때 전후에 개성 주변에서 작사, 작곡된 것으로 보는 견해도 있다.

그러나 『삼국사기』의 악지와 『고려사』의 악지가 다 같이 재래속악에 대한 편차 방식이 같은 점으로 보더라도, 삼국속악조에 백제속악으로 기록된 「정읍사」는 고려속악과 구별하여 기록한 것으로 편찬자의 잘못이 아니라 백제속악으로 인정함이 옳을 것이다. 또 고려속악조에 들어 있다 하여 모두가 고려시대의 가요로 볼 수는 없듯이, 무고정재 때 「정읍사」를 불렀다 하여 「정읍사」의 제작연대가 무고를 지은 이곤의 생존 연대와 같을 수는 없고, 이는 재래속악, 곧 유전악(遺傳樂)인 「정읍사」를 고려속악정재 때 이곤이 지은 무고라는 악곡에 얹어 불렀다고 보아야 할 것이다."
"「정읍사」는 삼국속악의 하나로 전승되어 고려와 조선시대를 통하여 무고의 무의(舞儀) 때 가창되었고, 특히 조선시대에 와서는 섣달 그믐날 밤에 궁중에서 악귀를 쫓기 위하여 베풀던 의식인 나례(儺禮) 후에 거행된 ‘학연화대처용무합설(鶴蓮花臺處容舞合設)’에서 「처용가」 등과 함께 연주되었다(악학궤범 권5).

이와 같이, 『악학궤범』에 채록되어 악장(樂章)의 하나로 정착하게 되었으나, 중종 때에 이르러 음란한 노래라 하여 궁중에서는 폐지되고 새로 만든 악장인 「오관산(五冠山)」으로 대용하였다(중종실록 13년 4월조).

"
"① 정읍사 원문

(前腔) ᄃᆞᆯ하 노피곰 도ᄃᆞ샤/어긔야 머리곰 비취오시라/어긔야 어강됴리/아으 다롱디리

(後腔) 全져재 녀러신고요/어긔야 즌ᄃᆡ를 드ᄃᆡ욜셰라/어긔야 어강됴리

(過篇) 어느이다 노코시라

(金善調) 어긔야 내 가논ᄃᆡ 점그ᄅᆞᆯ셰라/어긔야 어강됴리

(小葉) 아으 다롱디리

② 현대어 풀이

달아 높이 높이 돋으시어/어기야차 멀리멀리 비치게 하시라/어기야차 어강됴리/아으 다롱디리/시장에 가 계신가요/어기야차 진 곳을 디딜세라/어기야차 어강됴리/어느 것에다 놓고 계시는가/어기야차 나의 가는 곳에 저물세라/어기야차 어강됴리 아으 다롱디리(박병채 역)"